features,model,split,spearman,ci_lo,ci_hi,spearman_natural,spearman_designed,rmse
Length only,Ridge,grouped by WT cluster,0.3262461685918132,0.0846343989013504,0.4670803233823933,0.14012925872882848,0.557202058801676,1.400796005589212
Length only,Ridge,random (leaky),0.35412292352621977,,,0.19441558703303674,0.5261338333528653,1.3757447472004403
Length only,RandomForest,grouped by WT cluster,0.25834023860971894,0.022121802898062204,0.39699328273145085,0.02455022461901437,0.5027979940597027,1.5028517502081173
Length only,RandomForest,random (leaky),0.36921113232854247,,,0.2145498152209562,0.48314191960623465,1.383839211543984
Antibody-style proxy,Ridge,grouped by WT cluster,0.24735650494067069,0.01653642844782568,0.4359073610349363,0.23281477774635628,0.0018809328489394117,1.4430836433285683
Antibody-style proxy,Ridge,random (leaky),0.3141577654876492,,,0.2921519750378811,0.14707898746044767,1.4007051535735788
Antibody-style proxy,RandomForest,grouped by WT cluster,0.08224484016242546,-0.023124491183478074,0.18029714684230158,0.025247150030924533,-0.03172389546466659,1.547259105784444
Antibody-style proxy,RandomForest,random (leaky),0.31493338637411766,,,0.28680556700690935,0.20983827493261456,1.3629191751429321
Full sequence panel,Ridge,grouped by WT cluster,0.20529851282961692,0.027295063786068854,0.3433733880695004,0.09838270240954805,0.05760283604828313,1.5003371594035406
Full sequence panel,Ridge,random (leaky),0.4206313144140008,,,0.35201003321808694,0.4274727528419079,1.3303950036841536
Full sequence panel,RandomForest,grouped by WT cluster,0.2760092626911895,0.04841809150584207,0.4229677553713839,0.13301159609884444,0.3175524434548225,1.465707424551967
Full sequence panel,RandomForest,random (leaky),0.4597617590362537,,,0.33834352961869746,0.6060793390366812,1.2757777285291747
  
